CMM	DATA	PU_ANTERIOR	PU_ATUAL
DI1F17	02/01/2017	99999.98	100000.0
DI1F17	29/03/2016	90611.53	90619.45
DI1F18	01/02/2017	91100.55	91105.29
DI1F18	02/01/2017	89783.79	89842.21
DI1F18	02/02/2017	91149.09	91164.8
DI1F18	03/02/2017	91208.63	91235.19
DI1F18	06/02/2017	91279.06	91272.39
DI1F18	07/02/2017	91316.27	91335.14
DI1F18	08/02/2017	91379.05	91412.25
DI1F18	09/02/2017	91456.2	91460.09
DI1F18	10/02/2017	91504.06	91533.13
DI1F18	13/02/2017	91577.14	91577.14
DI1F18	14/02/2017	91621.17	91617.52
DI1F18	15/02/2017	91661.57	91679.29
DI1F18	16/02/2017	91723.37	91701.79
DI1F18	17/02/2017	91745.88	91788.13
DI1F18	20/02/2017	91832.26	91845.88
DI1F18	21/02/2017	91890.04	91917.54
DI1F18	22/02/2017	91961.73	91967.92
DI1F18	29/03/2016	80246.01	80330.87
DI1F19	01/02/2017	82971.28	82992.35
DI1F19	02/01/2017	81272.78	81374.02
DI1F19	02/02/2017	83032.25	83081.67
DI1F19	03/02/2017	83121.62	83213.53
DI1F19	06/02/2017	83253.54	83259.94
DI1F19	07/02/2017	83299.97	83363.08
DI1F19	08/02/2017	83403.16	83451.9
DI1F19	09/02/2017	83492.02	83483.89
DI1F19	10/02/2017	83524.03	83586.65
DI1F19	13/02/2017	83626.84	83604.4
DI1F19	14/02/2017	83644.6	83636.33
DI1F19	15/02/2017	83676.54	83724.63
DI1F19	16/02/2017	83764.88	83615.94
DI1F19	17/02/2017	83656.14	83774.31
DI1F19	20/02/2017	83814.59	83834.25
DI1F19	21/02/2017	83874.56	83950.19
DI1F19	22/02/2017	83990.55	83995.92
DI1F19	29/03/2016	70544.5	70799.6
DI1F20	01/02/2017	74870.33	74903.29
DI1F20	02/01/2017	72860.46	73122.35
DI1F20	02/02/2017	74939.3	75031.13
DI1F20	03/02/2017	75067.2	75277.1
DI1F20	06/02/2017	75313.29	75345.87
DI1F20	07/02/2017	75382.1	75513.18
DI1F20	08/02/2017	75549.49	75621.31
DI1F20	09/02/2017	75657.67	75630.75
DI1F20	10/02/2017	75667.11	75758.5
DI1F20	13/02/2017	75794.92	75807.31
DI1F20	14/02/2017	75843.76	75836.39
DI1F20	15/02/2017	75872.85	75904.86
DI1F20	16/02/2017	75941.36	75717.95
DI1F20	17/02/2017	75754.36	75904.09
DI1F20	20/02/2017	75940.58	75972.48
DI1F20	21/02/2017	76009.01	76119.36
DI1F20	22/02/2017	76155.96	76168.0
DI1F20	29/03/2016	61767.7	62196.44
DI1F21	01/02/2017	67371.93	67390.37
DI1F21	02/01/2017	65221.51	65514.92
DI1F21	02/02/2017	67422.77	67583.58
DI1F21	03/02/2017	67616.07	67920.23
DI1F21	06/02/2017	67952.89	67994.83
DI1F21	07/02/2017	68027.52	68213.01
DI1F21	08/02/2017	68245.81	68383.59
DI1F21	09/02/2017	68416.47	68410.22
DI1F21	10/02/2017	68443.11	68556.89
DI1F21	13/02/2017	68589.85	68631.52
DI1F21	14/02/2017	68664.52	68634.06
DI1F21	15/02/2017	68667.06	68684.64
DI1F21	16/02/2017	68717.66	68471.83
DI1F21	17/02/2017	68504.75	68665.93
DI1F21	20/02/2017	68698.94	68716.5
DI1F21	21/02/2017	68749.54	68862.9
DI1F21	22/02/2017	68896.01	68961.4
DI1F21	29/03/2016	54348.08	54826.17
DI1F22	01/02/2017	60506.59	60542.23
DI1F22	02/01/2017	58211.73	58620.4
DI1F22	02/02/2017	60571.34	60821.19
DI1F22	03/02/2017	60850.43	61182.18
DI1F22	06/02/2017	61211.6	61274.15
DI1F22	07/02/2017	61303.61	61515.17
DI1F22	08/02/2017	61544.75	61656.27
DI1F22	09/02/2017	61685.91	61767.59
DI1F22	10/02/2017	61797.29	61928.08
DI1F22	13/02/2017	61957.86	61993.22
DI1F22	14/02/2017	62023.03	61990.18
DI1F22	15/02/2017	62019.98	62096.24
DI1F22	16/02/2017	62126.1	61848.36
DI1F22	17/02/2017	61878.1	62008.51
DI1F22	20/02/2017	62038.32	62114.43
DI1F22	21/02/2017	62144.29	62247.69
DI1F22	22/02/2017	62277.62	62326.47
DI1F22	29/03/2016	47578.78	48182.83
DI1F23	01/02/2017	54228.62	54311.29
DI1F23	02/01/2017	51900.1	52451.56
DI1F23	02/02/2017	54337.4	54564.67
DI1F23	03/02/2017	54590.9	55023.11
DI1F23	06/02/2017	55049.57	55133.0
DI1F23	07/02/2017	55159.51	55360.38
DI1F23	08/02/2017	55387.0	55647.58
DI1F23	09/02/2017	55674.34	55699.19
DI1F23	10/02/2017	55725.97	55869.17
DI1F23	13/02/2017	55896.03	55950.48
DI1F23	14/02/2017	55977.38	55883.66
DI1F23	15/02/2017	55910.53	56024.2
DI1F23	16/02/2017	56051.14	55750.67
DI1F23	17/02/2017	55777.47	55920.32
DI1F23	20/02/2017	55947.21	56001.54
DI1F23	21/02/2017	56028.47	56201.37
DI1F23	22/02/2017	56228.39	56282.8
DI1F23	29/03/2016	41555.37	42174.79
DI1F24	01/02/2017	48796.52	48853.74
DI1F24	02/01/2017	46634.89	47072.67
DI1F24	02/02/2017	48877.23	49131.84
DI1F24	03/02/2017	49155.46	49641.62
DI1F24	06/02/2017	49665.49	49769.55
DI1F24	07/02/2017	49793.48	50006.05
DI1F24	08/02/2017	50030.09	50352.7
DI1F24	09/02/2017	50376.91	50357.11
DI1F24	10/02/2017	50381.32	50549.05
DI1F24	13/02/2017	50573.35	50584.71
DI1F24	14/02/2017	50609.03	50542.11
DI1F24	15/02/2017	50566.41	50703.07
DI1F24	16/02/2017	50727.45	50426.12
DI1F24	17/02/2017	50450.36	50570.95
DI1F24	20/02/2017	50595.26	50653.5
DI1F24	21/02/2017	50677.85	50892.97
DI1F24	22/02/2017	50917.44	50944.41
DI1F24	29/03/2016	36272.6	36920.39
DI1F25	01/02/2017	43751.22	43841.65
DI1F25	02/01/2017	41503.96	42155.48
DI1F25	02/02/2017	43862.73	44172.26
DI1F25	03/02/2017	44193.5	44695.49
DI1F25	06/02/2017	44716.98	44809.04
DI1F25	07/02/2017	44830.58	45082.7
DI1F25	08/02/2017	45104.38	45422.5
DI1F25	09/02/2017	45444.34	45440.6
DI1F25	10/02/2017	45462.45	45620.48
DI1F25	13/02/2017	45642.41	45671.0
DI1F25	14/02/2017	45692.96	45591.9
DI1F25	15/02/2017	45613.82	45772.13
DI1F25	16/02/2017	45794.14	45466.7
DI1F25	17/02/2017	45488.56	45613.94
DI1F25	20/02/2017	45635.87	45729.16
DI1F25	21/02/2017	45751.15	45974.69
DI1F25	22/02/2017	45996.79	45992.81
DI1F25	29/03/2016	31573.86	32233.93
DI1F26	01/02/2017	39314.84	39454.13
DI1F26	02/01/2017	37180.23	37838.75
DI1F26	02/02/2017	39473.1	39803.55
DI1F26	03/02/2017	39822.69	40317.28
DI1F26	06/02/2017	40336.66	40391.85
DI1F26	07/02/2017	40411.27	40707.15
DI1F26	08/02/2017	40726.72	41067.66
DI1F26	09/02/2017	41087.41	41084.03
DI1F26	10/02/2017	41103.78	41281.94
DI1F26	13/02/2017	41301.79	41265.23
DI1F26	14/02/2017	41285.07	41182.57
DI1F26	15/02/2017	41202.37	41380.71
DI1F26	16/02/2017	41400.61	41067.31
DI1F26	17/02/2017	41087.06	41198.81
DI1F26	20/02/2017	41218.62	41330.65
DI1F26	21/02/2017	41350.52	41545.78
DI1F26	22/02/2017	41565.76	41595.41
DI1F26	29/03/2016	27560.92	28203.91
DI1F27	01/02/2017	35328.41	35452.05
DI1F27	02/01/2017	33326.87	33862.27
DI1F27	02/02/2017	35469.1	35815.49
DI1F27	03/02/2017	35832.71	36376.58
DI1F27	06/02/2017	36394.07	36456.24
DI1F27	07/02/2017	36473.77	36699.1
DI1F27	08/02/2017	36716.74	37075.46
DI1F27	09/02/2017	37093.29	37090.27
DI1F27	10/02/2017	37108.1	37270.73
DI1F27	13/02/2017	37288.65	37252.36
DI1F27	14/02/2017	37270.27	37200.9
DI1F27	15/02/2017	37218.79	37348.44
DI1F27	16/02/2017	37366.4	37032.5
DI1F27	17/02/2017	37050.31	37212.33
DI1F27	20/02/2017	37230.22	37293.41
DI1F27	21/02/2017	37311.34	37507.7
DI1F27	22/02/2017	37525.73	37589.31
DI1F27	29/03/2016	23966.25	24628.97
DI1F28	01/02/2017	31778.06	31875.75
DI1F28	02/01/2017	29859.81	30388.3
DI1F28	02/02/2017	31891.08	32240.6
DI1F28	03/02/2017	32256.1	32795.67
DI1F28	06/02/2017	32811.44	32957.32
DI1F28	07/02/2017	32973.17	33165.23
DI1F28	08/02/2017	33181.18	33525.38
DI1F28	09/02/2017	33541.5	33601.35
DI1F28	10/02/2017	33617.51	33697.29
DI1F28	13/02/2017	33713.49	33661.16
DI1F28	14/02/2017	33677.34	33611.93
DI1F28	15/02/2017	33628.09	33787.18
DI1F28	16/02/2017	33803.42	33454.85
DI1F28	17/02/2017	33470.94	33632.45
DI1F28	20/02/2017	33648.62	33711.8
DI1F28	21/02/2017	33728.01	33973.7
DI1F28	22/02/2017	33990.03	34053.75
DI1F29	01/02/2017	28609.44	28684.11
DI1F29	02/01/2017	26776.86	27294.25
DI1F29	02/02/2017	28697.9	29047.54
DI1F29	03/02/2017	29061.51	29592.37
DI1F29	06/02/2017	29606.6	29728.17
DI1F29	07/02/2017	29742.46	29947.73
DI1F29	08/02/2017	29962.13	30340.53
DI1F29	09/02/2017	30355.12	30362.41
DI1F29	10/02/2017	30377.01	30491.79
DI1F29	13/02/2017	30506.45	30464.8
DI1F29	14/02/2017	30479.45	30395.58
DI1F29	15/02/2017	30410.19	30570.71
DI1F29	16/02/2017	30585.41	30241.68
DI1F29	17/02/2017	30256.22	30415.79
DI1F29	20/02/2017	30430.41	30493.01
DI1F29	21/02/2017	30507.67	30783.37
DI1F29	22/02/2017	30798.17	30861.43
DI1F29	29/03/2016	18402.69	19007.19
DI1F30	01/02/2017	25745.29	25803.32
DI1F30	02/01/2017	23960.0	24462.04
DI1F30	02/02/2017	25815.73	26159.88
DI1F30	03/02/2017	26172.46	26691.07
DI1F30	06/02/2017	26703.9	26794.95
DI1F30	07/02/2017	26807.83	27039.88
DI1F30	08/02/2017	27052.88	27445.8
DI1F30	09/02/2017	27459.0	27424.94
DI1F30	10/02/2017	27438.13	27579.48
DI1F30	13/02/2017	27592.74	27558.5
DI1F30	14/02/2017	27571.75	27473.8
DI1F30	15/02/2017	27487.01	27644.49
DI1F30	16/02/2017	27657.78	27321.25
DI1F30	17/02/2017	27334.39	27490.87
DI1F30	20/02/2017	27504.09	27565.61
DI1F30	21/02/2017	27578.86	27849.32
DI1F30	22/02/2017	27862.71	27924.95
DI1F30	29/03/2016	16125.83	16697.58
DI1G17	01/02/2017	99999.99	100000.0
DI1G17	02/01/2017	98918.06	98918.08
DI1G17	29/03/2016	89640.67	89654.07
DI1G18	02/02/2017	90408.83	90415.81
DI1G18	03/02/2017	90459.28	90492.58
DI1G18	06/02/2017	90536.09	90537.17
DI1G18	07/02/2017	90580.7	90603.2
DI1G18	08/02/2017	90646.76	90681.75
DI1G18	09/02/2017	90725.35	90719.69
DI1G18	10/02/2017	90763.31	90804.14
DI1G18	13/02/2017	90847.8	90848.99
DI1G18	14/02/2017	90892.67	90897.7
DI1G18	15/02/2017	90941.4	90945.56
DI1G18	16/02/2017	90989.29	90966.13
DI1G18	17/02/2017	91009.87	91052.68
DI1G18	20/02/2017	91096.46	91119.6
DI1G18	21/02/2017	91163.41	91213.28
DI1G18	22/02/2017	91257.14	91260.5
DI1H17	01/02/2017	99143.64	99143.3
DI1H17	02/01/2017	98058.48	98057.4
DI1H17	02/02/2017	99190.97	99190.94
DI1H17	03/02/2017	99238.63	99239.13
DI1H17	06/02/2017	99286.84	99286.83
DI1H17	07/02/2017	99334.57	99334.41
DI1H17	08/02/2017	99382.17	99383.3
DI1H17	09/02/2017	99431.08	99430.19
DI1H17	10/02/2017	99478.0	99477.59
DI1H17	13/02/2017	99525.42	99525.81
DI1H17	14/02/2017	99573.66	99573.47
DI1H17	15/02/2017	99621.34	99622.12
DI1H17	16/02/2017	99670.02	99669.79
DI1H17	17/02/2017	99717.71	99717.45
DI1H17	20/02/2017	99765.39	99765.38
DI1H17	21/02/2017	99813.35	99813.37
DI1H17	22/02/2017	99861.36	99861.31
DI1H17	29/03/2016	88847.52	88871.33
DI1J16	29/03/2016	99842.71	99842.77
DI1J17	01/02/2017	98112.98	98111.73
DI1J17	02/01/2017	97013.86	97010.09
DI1J17	02/02/2017	98158.9	98158.19
DI1J17	03/02/2017	98205.38	98207.2
DI1J17	06/02/2017	98254.42	98256.06
DI1J17	07/02/2017	98303.3	98304.77
DI1J17	08/02/2017	98352.03	98351.71
DI1J17	09/02/2017	98399.0	98399.44
DI1J17	10/02/2017	98446.75	98446.58
DI1J17	13/02/2017	98493.91	98494.11
DI1J17	14/02/2017	98541.47	98541.08
DI1J17	15/02/2017	98588.46	98589.05
DI1J17	16/02/2017	98636.45	98636.34
DI1J17	17/02/2017	98683.76	98684.02
DI1J17	20/02/2017	98731.47	98731.85
DI1J17	21/02/2017	98779.32	98779.98
DI1J17	22/02/2017	98827.47	98826.63
DI1J17	29/03/2016	87859.69	87881.61
DI1J18	01/02/2017	89057.22	89068.67
DI1J18	02/01/2017	87645.57	87738.0
DI1J18	02/02/2017	89111.49	89132.0
DI1J18	03/02/2017	89174.85	89222.65
DI1J18	06/02/2017	89265.55	89249.1
DI1J18	07/02/2017	89292.01	89321.14
DI1J18	08/02/2017	89364.09	89402.08
DI1J18	09/02/2017	89445.06	89446.53
DI1J18	10/02/2017	89489.54	89527.1
DI1J18	13/02/2017	89570.14	89571.36
DI1J18	14/02/2017	89614.43	89606.6
DI1J18	15/02/2017	89649.68	89677.69
DI1J18	16/02/2017	89720.81	89677.12
DI1J18	17/02/2017	89720.24	89783.64
DI1J18	20/02/2017	89826.81	89845.36
DI1J18	21/02/2017	89888.56	89933.54
DI1J18	22/02/2017	89976.78	89986.05
DI1J18	29/03/2016	77776.52	77911.64
DI1J19	01/02/2017	80981.69	81005.86
DI1J19	02/01/2017	79189.04	79301.66
DI1J19	02/02/2017	81044.81	81100.2
DI1J19	03/02/2017	81139.19	81241.44
DI1J19	06/02/2017	81280.5	81304.24
DI1J19	07/02/2017	81343.33	81413.93
DI1J19	08/02/2017	81453.07	81507.85
DI1J19	09/02/2017	81547.04	81539.13
DI1J19	10/02/2017	81578.33	81664.12
DI1J19	13/02/2017	81703.38	81664.07
DI1J19	14/02/2017	81703.33	81695.29
DI1J19	15/02/2017	81734.57	81773.19
DI1J19	16/02/2017	81812.51	81664.67
DI1J19	17/02/2017	81703.93	81820.02
DI1J19	20/02/2017	81859.36	81897.73
DI1J19	21/02/2017	81937.11	82006.34
DI1J19	22/02/2017	82045.77	82052.87
DI1J19	29/03/2016	68310.36	68599.19
DI1J20	01/02/2017	72916.86	72921.26
DI1J20	02/01/2017	70868.51	71197.15
DI1J20	02/02/2017	72956.32	73095.5
DI1J20	03/02/2017	73130.64	73373.97
DI1J20	06/02/2017	73409.25	73444.39
DI1J20	07/02/2017	73479.7	73608.61
DI1J20	08/02/2017	73644.0	73731.14
DI1J20	09/02/2017	73766.59	73749.27
DI1J20	10/02/2017	73784.73	73903.05
DI1J20	13/02/2017	73938.58	73921.09
DI1J20	14/02/2017	73956.63	73939.16
DI1J20	15/02/2017	73974.71	74009.35
DI1J20	16/02/2017	74044.93	73850.73
DI1J20	17/02/2017	73886.24	74014.35
DI1J20	20/02/2017	74049.94	74086.54
DI1J20	21/02/2017	74122.16	74237.72
DI1J20	22/02/2017	74273.41	74307.76
DI1J20	29/03/2016	59845.73	60288.54
DI1J21	01/02/2017	65602.21	65633.97
DI1J21	02/01/2017	63422.08	63769.05
DI1J21	02/02/2017	65665.53	65839.64
DI1J21	03/02/2017	65871.3	66218.55
DI1J21	06/02/2017	66250.39	66291.79
DI1J21	07/02/2017	66323.66	66498.82
DI1J21	08/02/2017	66530.79	66666.47
DI1J21	09/02/2017	66698.52	66724.85
DI1J21	10/02/2017	66756.93	66882.76
DI1J21	13/02/2017	66914.92	66951.09
DI1J21	14/02/2017	66983.28	66927.3
DI1J21	15/02/2017	66959.48	67008.04
DI1J21	16/02/2017	67040.26	66795.81
DI1J21	17/02/2017	66827.93	66980.57
DI1J21	20/02/2017	67012.77	67024.01
DI1J21	21/02/2017	67056.24	67156.81
DI1J21	22/02/2017	67189.1	67264.84
DI1J21	29/03/2016	52619.11	53131.36
DI1K16	29/03/2016	98800.12	98800.32
DI1K17	01/02/2017	97334.96	97334.8
DI1K17	02/01/2017	96220.72	96218.95
DI1K17	02/02/2017	97381.6	97379.58
DI1K17	03/02/2017	97426.4	97428.29
DI1K17	06/02/2017	97475.13	97482.1
DI1K17	07/02/2017	97528.97	97524.42
DI1K17	08/02/2017	97571.31	97576.52
DI1K17	09/02/2017	97623.43	97622.69
DI1K17	10/02/2017	97669.63	97672.23
DI1K17	13/02/2017	97719.19	97720.01
DI1K17	14/02/2017	97766.99	97766.46
DI1K17	15/02/2017	97813.47	97816.24
DI1K17	16/02/2017	97863.27	97864.49
DI1K17	17/02/2017	97911.54	97911.61
DI1K17	20/02/2017	97958.69	97961.18
DI1K17	21/02/2017	98008.28	98006.77
DI1K17	22/02/2017	98053.89	98051.4
DI1M16	29/03/2016	97721.79	97723.81
DI1M17	01/02/2017	96423.03	96439.45
DI1M17	02/01/2017	95282.74	95282.59
DI1M17	02/02/2017	96485.82	96471.68
DI1M17	03/02/2017	96518.06	96517.71
DI1M17	06/02/2017	96564.12	96583.99
DI1M17	07/02/2017	96630.43	96630.47
DI1M17	08/02/2017	96676.93	96667.24
DI1M17	09/02/2017	96713.72	96711.65
DI1M17	10/02/2017	96758.15	96764.93
DI1M17	13/02/2017	96811.45	96811.71
DI1M17	14/02/2017	96858.26	96855.92
DI1M17	15/02/2017	96902.49	96908.68
DI1M17	16/02/2017	96955.27	96953.95
DI1M17	17/02/2017	97000.57	96998.0
DI1M17	20/02/2017	97044.64	97049.06
DI1M17	21/02/2017	97095.72	97097.59
DI1M17	22/02/2017	97144.27	97141.42
DI1N16	29/03/2016	96611.19	96609.88
DI1N17	01/02/2017	95592.76	95592.55
DI1N17	02/01/2017	94410.12	94433.12
DI1N17	02/02/2017	95638.51	95641.66
DI1N17	03/02/2017	95687.64	95690.67
DI1N17	06/02/2017	95736.68	95734.51
DI1N17	07/02/2017	95780.54	95785.01
DI1N17	08/02/2017	95831.06	95846.93
DI1N17	09/02/2017	95893.01	95893.76
DI1N17	10/02/2017	95939.87	95948.61
DI1N17	13/02/2017	95994.74	95995.2
DI1N17	14/02/2017	96041.35	96035.36
DI1N17	15/02/2017	96081.53	96091.3
DI1N17	16/02/2017	96137.5	96136.06
DI1N17	17/02/2017	96182.28	96185.4
DI1N17	20/02/2017	96231.65	96237.65
DI1N17	21/02/2017	96283.92	96291.19
DI1N17	22/02/2017	96337.49	96334.05
DI1N17	29/03/2016	85285.76	85331.15
DI1N18	01/02/2017	87002.04	87016.69
DI1N18	02/01/2017	85496.48	85607.05
DI1N18	02/02/2017	87058.53	87084.01
DI1N18	03/02/2017	87125.88	87184.0
DI1N18	06/02/2017	87225.92	87229.17
DI1N18	07/02/2017	87271.11	87306.98
DI1N18	08/02/2017	87348.96	87384.63
DI1N18	09/02/2017	87426.64	87429.54
DI1N18	10/02/2017	87471.58	87528.57
DI1N18	13/02/2017	87570.65	87562.47
DI1N18	14/02/2017	87604.57	87596.39
DI1N18	15/02/2017	87638.51	87662.59
DI1N18	16/02/2017	87704.74	87632.08
DI1N18	17/02/2017	87674.21	87773.16
DI1N18	20/02/2017	87815.36	87817.63
DI1N18	21/02/2017	87859.85	87926.09
DI1N18	22/02/2017	87968.36	87970.32
DI1N18	29/03/2016	75306.33	75468.81
DI1N19	01/02/2017	79001.83	79011.93
DI1N19	02/01/2017	77133.61	77274.25
DI1N19	02/02/2017	79049.92	79128.12
DI1N19	03/02/2017	79166.16	79295.4
DI1N19	06/02/2017	79333.53	79360.26
DI1N19	07/02/2017	79398.42	79493.28
DI1N19	08/02/2017	79531.5	79575.04
DI1N19	09/02/2017	79613.3	79622.63
DI1N19	10/02/2017	79660.91	79755.38
DI1N19	13/02/2017	79793.73	79751.77
DI1N19	14/02/2017	79790.11	79782.25
DI1N19	15/02/2017	79820.61	79863.68
DI1N19	16/02/2017	79902.08	79724.74
DI1N19	17/02/2017	79763.07	79873.78
DI1N19	20/02/2017	79912.18	79955.04
DI1N19	21/02/2017	79993.48	80086.99
DI1N19	22/02/2017	80125.5	80117.34
DI1N19	29/03/2016	66113.26	66433.01
DI1N20	01/02/2017	71044.15	71081.97
DI1N20	02/01/2017	68943.61	69277.49
DI1N20	02/02/2017	71116.15	71240.99
DI1N20	03/02/2017	71275.24	71509.35
DI1N20	06/02/2017	71543.73	71603.12
DI1N20	07/02/2017	71637.55	71784.48
DI1N20	08/02/2017	71818.99	71922.13
DI1N20	09/02/2017	71956.71	71950.09
DI1N20	10/02/2017	71984.68	72065.76
DI1N20	13/02/2017	72100.41	72137.55
DI1N20	14/02/2017	72172.23	72165.43
DI1N20	15/02/2017	72200.13	72215.24
DI1N20	16/02/2017	72249.96	72024.56
DI1N20	17/02/2017	72059.19	72205.43
DI1N20	20/02/2017	72240.15	72277.09
DI1N20	21/02/2017	72311.84	72414.33
DI1N20	22/02/2017	72449.15	72485.94
DI1N20	29/03/2016	58013.13	58468.55
DI1N21	01/02/2017	63850.34	63908.76
DI1N21	02/01/2017	61641.81	62041.71
DI1N21	02/02/2017	63939.49	64111.85
DI1N21	03/02/2017	64142.67	64529.37
DI1N21	06/02/2017	64560.4	64608.64
DI1N21	07/02/2017	64639.7	64800.48
DI1N21	08/02/2017	64831.64	64967.01
DI1N21	09/02/2017	64998.25	65056.68
DI1N21	10/02/2017	65087.96	65223.53
DI1N21	13/02/2017	65254.89	65287.54
DI1N21	14/02/2017	65318.93	65235.81
DI1N21	15/02/2017	65267.18	65338.36
DI1N21	16/02/2017	65369.77	65132.96
DI1N21	17/02/2017	65164.28	65312.2
DI1N21	20/02/2017	65343.6	65376.16
DI1N21	21/02/2017	65407.59	65465.78
DI1N21	22/02/2017	65497.26	65581.12
DI1N21	29/03/2016	50917.73	51464.04
DI1N22	01/02/2017	57383.0	57378.92
DI1N22	02/01/2017	55002.36	55487.55
DI1N22	02/02/2017	57406.51	57645.22
DI1N22	03/02/2017	57672.94	58084.36
DI1N22	06/02/2017	58112.29	58178.22
DI1N22	07/02/2017	58206.19	58399.52
DI1N22	08/02/2017	58427.6	58610.11
DI1N22	09/02/2017	58638.29	58690.19
DI1N22	10/02/2017	58718.41	58855.84
DI1N22	13/02/2017	58884.14	58930.34
DI1N22	14/02/2017	58958.67	58893.55
DI1N22	15/02/2017	58921.87	59019.42
DI1N22	16/02/2017	59047.8	58757.86
DI1N22	17/02/2017	58786.11	58923.18
DI1N22	20/02/2017	58951.51	59014.7
DI1N22	21/02/2017	59043.07	59214.75
DI1N22	22/02/2017	59243.22	59280.75
DI1N22	29/03/2016	44500.49	45114.03
DI1N23	01/02/2017	51452.27	51519.81
DI1N23	02/01/2017	49206.52	49701.14
DI1N23	02/02/2017	51544.58	51787.46
DI1N23	03/02/2017	51812.36	52275.36
DI1N23	06/02/2017	52300.49	52392.8
DI1N23	07/02/2017	52417.99	52625.26
DI1N23	08/02/2017	52650.56	52943.81
DI1N23	09/02/2017	52969.27	52970.92
DI1N23	10/02/2017	52996.39	53153.58
DI1N23	13/02/2017	53179.14	53211.25
DI1N23	14/02/2017	53236.83	53155.91
DI1N23	15/02/2017	53181.47	53308.28
DI1N23	16/02/2017	53333.91	53033.58
DI1N23	17/02/2017	53059.08	53188.53
DI1N23	20/02/2017	53214.1	53270.55
DI1N23	21/02/2017	53296.16	53493.31
DI1N23	22/02/2017	53519.03	53557.21
DI1N23	29/03/2016	38833.34	39469.63
DI1N24	01/02/2017	46263.81	46337.58
DI1N24	02/01/2017	44056.35	44603.99
DI1N24	02/02/2017	46359.86	46643.67
DI1N24	03/02/2017	46666.1	47161.08
DI1N24	06/02/2017	47183.76	47283.69
DI1N24	07/02/2017	47306.42	47538.96
DI1N24	08/02/2017	47561.82	47881.31
DI1N24	09/02/2017	47904.33	47894.01
DI1N24	10/02/2017	47917.04	48078.76
DI1N24	13/02/2017	48101.88	48123.35
DI1N24	14/02/2017	48146.49	48062.63
DI1N24	15/02/2017	48085.74	48231.76
DI1N24	16/02/2017	48254.95	47941.75
DI1N24	17/02/2017	47964.8	48088.01
DI1N24	20/02/2017	48111.13	48186.77
DI1N24	21/02/2017	48209.94	48429.67
DI1N24	22/02/2017	48452.95	48464.77
DI1N24	29/03/2016	33896.23	34552.79
DI1Q16	29/03/2016	95571.77	95568.51
DI1Q17	01/02/2017	94769.54	94801.48
DI1Q17	02/01/2017	93605.3	93626.57
DI1Q17	02/02/2017	94847.06	94851.28
DI1Q17	03/02/2017	94896.88	94882.99
DI1Q17	06/02/2017	94928.61	94947.29
DI1Q17	07/02/2017	94992.94	94967.42
DI1Q17	08/02/2017	95013.08	95052.53
DI1Q17	09/02/2017	95098.23	95099.36
DI1Q17	10/02/2017	95145.08	95146.1
DI1Q17	13/02/2017	95191.85	95188.87
DI1Q17	14/02/2017	95234.64	95225.83
DI1Q17	15/02/2017	95271.61	95282.81
DI1Q17	16/02/2017	95328.62	95323.56
DI1Q17	17/02/2017	95369.39	95382.44
DI1Q17	20/02/2017	95428.3	95438.04
DI1Q17	21/02/2017	95483.93	95497.12
DI1Q17	22/02/2017	95543.04	95541.18
DI1U16	29/03/2016	94452.37	94448.23
DI1U17	01/02/2017	93926.1	93942.3
DI1U17	02/01/2017	92722.56	92751.27
DI1U17	02/02/2017	93987.47	93993.2
DI1U17	03/02/2017	94038.39	94031.92
DI1U17	06/02/2017	94077.13	94092.73
DI1U17	07/02/2017	94137.97	94117.08
DI1U17	08/02/2017	94162.33	94190.41
DI1U17	09/02/2017	94235.7	94266.17
DI1U17	10/02/2017	94311.49	94312.48
DI1U17	13/02/2017	94357.83	94357.34
DI1U17	14/02/2017	94402.71	94397.98
DI1U17	15/02/2017	94443.37	94456.51
DI1U17	16/02/2017	94501.92	94494.31
DI1U17	17/02/2017	94539.74	94555.67
DI1U17	20/02/2017	94601.13	94628.9
DI1U17	21/02/2017	94674.4	94674.89
DI1U17	22/02/2017	94720.41	94721.24
DI1V16	29/03/2016	93441.59	93436.71
DI1V17	01/02/2017	93198.61	93201.66
DI1V17	02/01/2017	91983.9	91997.06
DI1V17	02/02/2017	93246.47	93253.27
DI1V17	03/02/2017	93298.11	93313.5
DI1V17	06/02/2017	93358.37	93355.6
DI1V17	07/02/2017	93400.49	93411.18
DI1V17	08/02/2017	93456.09	93488.1
DI1V17	09/02/2017	93533.05	93535.23
DI1V17	10/02/2017	93580.2	93595.57
DI1V17	13/02/2017	93640.57	93639.82
DI1V17	14/02/2017	93684.84	93684.03
DI1V17	15/02/2017	93729.07	93743.88
DI1V17	16/02/2017	93788.95	93780.11
DI1V17	17/02/2017	93825.2	93842.22
DI1V17	20/02/2017	93887.34	93906.65
DI1V17	21/02/2017	93951.8	93965.69
DI1V17	22/02/2017	94010.87	94014.34
DI1V17	29/03/2016	82676.73	82751.86
DI1V18	01/02/2017	84933.87	84939.14
DI1V18	02/01/2017	83304.29	83445.75
DI1V18	02/02/2017	84979.98	85035.81
DI1V18	03/02/2017	85076.7	85144.96
DI1V18	06/02/2017	85185.9	85203.37
DI1V18	07/02/2017	85244.34	85274.32
DI1V18	08/02/2017	85315.32	85370.36
DI1V18	09/02/2017	85411.41	85403.3
DI1V18	10/02/2017	85444.36	85524.18
DI1V18	13/02/2017	85565.3	85544.42
DI1V18	14/02/2017	85585.55	85552.22
DI1V18	15/02/2017	85593.35	85635.07
DI1V18	16/02/2017	85676.24	85580.64
DI1V18	17/02/2017	85621.79	85725.57
DI1V18	20/02/2017	85766.79	85783.19
DI1V18	21/02/2017	85824.43	85890.4
DI1V18	22/02/2017	85931.7	85935.38
DI1V18	29/03/2016	72849.08	73059.72
DI1V19	01/02/2017	76875.88	76917.13
DI1V19	02/01/2017	74943.83	75137.24
DI1V19	02/02/2017	76954.11	77039.46
DI1V19	03/02/2017	77076.5	77235.49
DI1V19	06/02/2017	77272.62	77296.88
DI1V19	07/02/2017	77334.04	77452.3
DI1V19	08/02/2017	77489.54	77565.24
DI1V19	09/02/2017	77602.53	77595.06
DI1V19	10/02/2017	77632.37	77744.79
DI1V19	13/02/2017	77782.17	77728.4
DI1V19	14/02/2017	77765.77	77730.56
DI1V19	15/02/2017	77767.93	77828.41
DI1V19	16/02/2017	77865.83	77671.0
DI1V19	17/02/2017	77708.34	77832.87
DI1V19	20/02/2017	77870.29	77908.51
DI1V19	21/02/2017	77945.97	78035.44
DI1V19	22/02/2017	78072.96	78092.62
DI1V19	29/03/2016	63869.49	64247.04
DI1V20	01/02/2017	69155.29	69143.01
DI1V20	02/01/2017	67019.24	67339.44
DI1V20	02/02/2017	69176.25	69364.49
DI1V20	03/02/2017	69397.84	69643.67
DI1V20	06/02/2017	69677.15	69739.93
DI1V20	07/02/2017	69773.46	69893.57
DI1V20	08/02/2017	69927.17	70035.84
DI1V20	09/02/2017	70069.51	70120.65
DI1V20	10/02/2017	70154.36	70251.5
DI1V20	13/02/2017	70285.28	70255.72
DI1V20	14/02/2017	70289.5	70294.48
DI1V20	15/02/2017	70328.28	70425.25
DI1V20	16/02/2017	70459.11	70188.51
DI1V20	17/02/2017	70222.26	70330.43
DI1V20	20/02/2017	70364.24	70426.53
DI1V20	21/02/2017	70460.39	70568.55
DI1V20	22/02/2017	70602.48	70630.21
DI1V20	29/03/2016	56122.09	56589.63
DI1V21	01/02/2017	62130.93	62175.8
DI1V21	02/01/2017	59874.75	60278.55
DI1V21	02/02/2017	62205.69	62420.14
DI1V21	03/02/2017	62450.15	62807.09
DI1V21	06/02/2017	62837.29	62892.64
DI1V21	07/02/2017	62922.88	63110.1
DI1V21	08/02/2017	63140.44	63264.55
DI1V21	09/02/2017	63294.97	63366.21
DI1V21	10/02/2017	63396.68	63528.94
DI1V21	13/02/2017	63559.48	63593.57
DI1V21	14/02/2017	63624.15	63567.96
DI1V21	15/02/2017	63598.52	63672.37
DI1V21	16/02/2017	63702.98	63443.07
DI1V21	17/02/2017	63473.57	63613.37
DI1V21	20/02/2017	63643.96	63662.06
DI1V21	21/02/2017	63692.67	63811.41
DI1V21	22/02/2017	63842.09	63907.84
DI1V21	29/03/2016	49194.87	49770.47
DI1X16	29/03/2016	92483.68	92483.04
DI1X17	01/02/2017	92470.99	92474.53
DI1X17	02/01/2017	91212.09	91249.44
DI1X17	02/02/2017	92518.99	92529.21
DI1X17	03/02/2017	92573.7	92592.94
DI1X17	06/02/2017	92637.46	92633.29
DI1X17	07/02/2017	92677.83	92691.22
DI1X17	08/02/2017	92735.79	92768.3
DI1X17	09/02/2017	92812.9	92815.58
DI1X17	10/02/2017	92860.21	92880.13
DI1X17	13/02/2017	92924.79	92924.8
DI1X17	14/02/2017	92969.48	92967.64
DI1X17	15/02/2017	93012.34	93028.13
DI1X17	16/02/2017	93072.86	93059.08
DI1X17	17/02/2017	93103.82	93129.8
DI1X17	20/02/2017	93174.58	93192.08
DI1X17	21/02/2017	93236.89	93255.29
DI1X17	22/02/2017	93300.13	93305.02
DI1Z16	29/03/2016	91587.36	91590.76
DI1Z17	01/02/2017	91783.33	91787.44
DI1Z17	02/01/2017	90483.6	90543.21
DI1Z17	02/02/2017	91831.57	91844.39
DI1Z17	03/02/2017	91888.55	91911.3
DI1Z17	06/02/2017	91955.49	91950.47
DI1Z17	07/02/2017	91994.68	92010.35
DI1Z17	08/02/2017	92054.59	92088.04
DI1Z17	09/02/2017	92132.32	92135.57
DI1Z17	10/02/2017	92179.87	92204.17
DI1Z17	13/02/2017	92248.5	92248.17
DI1Z17	14/02/2017	92292.52	92290.16
DI1Z17	15/02/2017	92334.53	92351.04
DI1Z17	16/02/2017	92395.44	92377.96
DI1Z17	17/02/2017	92422.38	92456.69
DI1Z17	20/02/2017	92501.14	92516.41
DI1Z17	21/02/2017	92560.89	92584.28
DI1Z17	22/02/2017	92628.79	92634.01
